Uttar Pradesh,Agra,2004,21.6,0,0,4,10.5,26.7,91.6,160.9,56.2,60.8,0,0,432.3
Uttar Pradesh,Agra,2005,0,0,8.5,3,1,9.7,312.4,37.5,46.3,0,0,1,419.4
Uttar Pradesh,Agra,2006,0,0,1,0.1,7,20,190.8,63.5,29.8,3,0,0,315.2
Uttar Pradesh,Agra,2007,0,31.5,24.2,0,4.5,62.9,81.3,116.1,46.6,0,0,0.4,367.5
Uttar Pradesh,Agra,2008,0,0,0,14.1,22.2,116,173.2,162.7,56.6,0.3,0,0,545.1
Uttar Pradesh,Agra,2009,0,0,0,1.6,38,16.8,74.1,76.7,84.4,62.6,14.8,2,371
Uttar Pradesh,Agra,2010,1.3,8.6,0,0,0,13.5,98.2,119.7,146.7,1.5,27.8,1.7,419
Uttar Pradesh, Aligarh,2004,9.6,0,0,30.8,22.1,17.2,33.5,272.4,79.7,48.4,0,0,513.7
Uttar Pradesh, Aligarh,2005,11.5,21.8,26,9.8,7,16.7,465.2,38.3,178.9,0,0,0,775.2
Uttar Pradesh, Aligarh,2006,1.4,0,6,1.9,22.2,59.8,168.1,34.9,48.9,15,0,0.5,358.7
Uttar Pradesh, Aligarh,2007,3.6,53.6,46.2,0,6,86.4,168.8,145.9,12.2,0,N.A.,0,N.A.
Uttar Pradesh, Aligarh,2008,0,0,0,24,106.4,173.6,243.1,208,124.1,0,N.A.,N.A.,N.A.
Uttar Pradesh, Aligarh,2009,N.A.,N.A.,N.A.,N.A.,N.A.,0,61.5,137.2,34.9,19.1,20.5,11.1,284.3
Uttar Pradesh, Aligarh,2010,1.2,5.1,0,0,0,12.5,66.3,228.8,293.9,0,14.9,3.3,626
Uttar Pradesh, Allahabad,2004,25.9,0,0,15.5,9.9,215.2,163.2,195,102.1,2.2,0,0,729
Uttar Pradesh, Allahabad,2005,44.9,12.5,16.9,2.8,0,73.5,320.7,243.6,87.2,28.3,0,18.2,848.6
Uttar Pradesh, Allahabad,2006,0,0,24,23.5,6.2,62.5,456.1,237.6,47.4,39.5,0,0,896.8
Uttar Pradesh, Allahabad,2007,0.1,75.8,25.1,1.2,21.9,77,295.4,295.4,209.2,2.8,0,5.4,1009.3
Uttar Pradesh, Allahabad,2008,0.6,10,0,3.1,38.5,322.4,446.9,326.1,67.5,20.3,1.7,0,1237.1
Uttar Pradesh, Allahabad,2009,0,0.5,14.4,3.2,26.8,3.1,172.7,64.8,177.8,33.6,15.9,6,518.8
Uttar Pradesh, Allahabad,2010,3.6,19.2,0,0.5,7.5,8.5,201.7,160.6,126.4,45.5,5.3,0,578.8
Uttar Pradesh, Ambedkar Nagar,2004,25.4,0,0,26.3,40.5,263.4,530.3,227.4,114.8,16.5,0,0,1244.6
Uttar Pradesh, Ambedkar Nagar,2005,15.2,12.4,11.3,0,0,52.1,558.7,489.4,205.4,5.9,0,0,1350.4
Uttar Pradesh, Ambedkar Nagar,2006,0,0,3.2,7,35.3,125.3,132.2,122.7,41.5,0,0,0,467.2
Uttar Pradesh, Ambedkar Nagar,2007,0,21.5,20.1,0,1,31.5,327.7,73.5,157.6,0,0,0,632.9
Uttar Pradesh, Ambedkar Nagar,2008,N.A.,N.A.,0,N.A.,N.A.,198.9,684.6,386.6,49.7,10,0,0,N.A.
Uttar Pradesh, Ambedkar Nagar,2009,0,0,0,0,20.1,20.2,87.2,318.1,89.1,157,0,6.9,698.6
Uttar Pradesh, Ambedkar Nagar,2010,0,17.4,0,0,26.7,32,195.5,89.9,180.2,16,0,0,557.7
Uttar Pradesh, Auraiya,2004,N.A.,N.A.,N.A.,3.8,2,4,92.9,106.3,149.6,72,N.A.,N.A.,N.A.
Uttar Pradesh, Auraiya,2005,0,0,3.8,N.A.,N.A.,1.3,117.9,64.8,76.6,0,0,N.A.,N.A.
Uttar Pradesh, Auraiya,2006,N.A.,N.A.,0,N.A.,N.A.,36.6,207.9,34.1,60.1,0,N.A.,N.A.,N.A.
Uttar Pradesh, Auraiya,2007,N.A.,125,69,0,0,47.5,96.4,126.6,22,0,N.A.,N.A.,N.A.
Uttar Pradesh, Auraiya,2008,N.A.,N.A.,N.A.,N.A.,N.A.,N.A.,397,231.1,70.7,0,N.A.,N.A.,N.A.
Uttar Pradesh, Auraiya,2009,0,N.A.,N.A.,N.A.,N.A.,0,116.1,217,101.3,53,0.3,3.5,N.A.
Uttar Pradesh, Auraiya,2010,0.8,3.8,0,0,3.4,8.6,260,181.4,95.6,1.6,24,1.5,580.7
Uttar Pradesh, Azamgarh,2004,30.2,0,0,0,38.4,226.2,222.5,270.8,8,7,0,0,803.1
Uttar Pradesh, Azamgarh,2005,3.2,0,10.2,0,13.4,57.5,368.8,499.6,89.8,28,0,9.2,1079.7
Uttar Pradesh, Azamgarh,2006,0,0,25,19,58.6,70.6,472.2,270.1,196.4,12.5,0,0,1124.4
Uttar Pradesh, Azamgarh,2007,0,67.9,101.1,0,70.4,190.8,466.8,342.9,351.1,18.6,N.A.,N.A.,N.A.
Uttar Pradesh, Azamgarh,2008,N.A.,N.A.,N.A.,N.A.,N.A.,271.2,281.5,311.5,68.5,0,N.A.,N.A.,N.A.
Uttar Pradesh, Azamgarh,2009,N.A.,N.A.,N.A.,N.A.,30.1,18,212,274.6,188.9,14.8,0,3,N.A.
Uttar Pradesh, Azamgarh,2010,6.6,4.5,0,0,5,44.6,162,263.7,334.5,17.3,6.9,0,845.1
Uttar Pradesh, Badaun,2004,65.8,0,0,0,0,87.9,118.2,69.3,43.6,42,0,N.A.,N.A.
Uttar Pradesh, Badaun,2005,4,N.A.,0,N.A.,0.7,94.1,345.2,96.5,272.2,0,0,N.A.,N.A.
Uttar Pradesh, Badaun,2006,0,N.A.,N.A.,6.5,50.7,98.6,325.5,113.8,49.5,0,1.6,0,N.A.
Uttar Pradesh, Badaun,2007,0,101.4,37.3,0,13.5,91.5,207.8,176.8,37.5,0,N.A.,N.A.,N.A.
Uttar Pradesh, Badaun,2008,N.A.,N.A.,N.A.,N.A.,43.7,193.2,430.8,350.7,87.9,3,0.6,0,N.A.
Uttar Pradesh, Badaun,2009,0,0,N.A.,13.4,16,0,154.6,296.2,102.5,71,22.6,3.3,N.A.
Uttar Pradesh, Badaun,2010,1.6,8.6,1.6,0,1.6,2,219.3,269.8,230.1,0,12,13,759.6
Uttar Pradesh, Baghpat,2004,13,0,0,43,57,18.8,2,190.6,8.4,62,0,0,394.8
Uttar Pradesh, Baghpat,2005,13.4,62.6,15,0,4.6,64.7,214.7,18.4,321,0,0,N.A.,N.A.
Uttar Pradesh, Baghpat,2006,0.1,0,49.4,3,20.6,76.9,140.7,28,115.6,30,3,0,467.3
Uttar Pradesh, Baghpat,2007,2,74.5,75,0,12.2,139.6,132.6,55.4,121.2,0,N.A.,N.A.,N.A.
Uttar Pradesh, Baghpat,2008,0,0,0,13.4,131.6,153.5,199.8,288.8,61.4,0,6.2,N.A.,N.A.
Uttar Pradesh, Baghpat,2009,0,0,N.A.,N.A.,61.8,21,321.3,100.8,223.9,0,0,0,N.A.
Uttar Pradesh, Baghpat,2010,1.8,11.4,0,0,1.6,22.4,172.9,336.7,351.1,6.4,0,5,909.3
Uttar Pradesh, Bahraich,2004,49.2,0,0,12.4,78.6,237,396.8,132.2,220.6,72.3,0,0,1199.1
Uttar Pradesh, Bahraich,2005,24.5,27.9,2,4.2,31.9,92.7,493.5,356,207.6,62,0,0.6,1302.9
Uttar Pradesh, Bahraich,2006,0,0,19,2.9,74.6,186.2,376.5,230.9,25.6,23.9,1.1,12,952.7
Uttar Pradesh, Bahraich,2007,0,76.6,27.2,10.5,165.8,70.6,477.6,340.8,290.8,24.3,0,0.1,1484.3
Uttar Pradesh, Bahraich,2008,5.8,5.6,0,21,23.5,209.2,369.9,268.8,331.6,34.1,0,0,1269.5
Uttar Pradesh, Bahraich,2009,N.A.,1.4,0.2,0.2,144.9,100.3,235.1,349.1,170.2,214.2,1.2,1.8,N.A.
Uttar Pradesh, Bahraich,2010,0,17.7,0,0,21.8,71.6,335.1,245,149.6,4.4,0.4,0,845.6
Uttar Pradesh, Ballia,2004,22,0,0,4.6,13.4,139.6,202.8,168.9,10.9,6.6,0,0,568.8
Uttar Pradesh, Ballia,2005,0.2,1.5,1.3,0,0.4,8.6,357.2,212.7,67.7,9.1,0,0,658.7
Uttar Pradesh, Ballia,2006,0,0,0,3.7,14.3,109.3,189.4,97.7,190.1,1.3,0,0,605.8
Uttar Pradesh, Ballia,2007,N.A.,3,9.9,0,0,53.9,303.1,231.2,170.4,5.5,N.A.,N.A.,N.A.
Uttar Pradesh, Ballia,2008,N.A.,N.A.,N.A.,N.A.,N.A.,380.3,409.6,337.4,65.2,17.9,N.A.,N.A.,N.A.
Uttar Pradesh, Ballia,2009,0,N.A.,N.A.,N.A.,N.A.,23.2,86.8,109.8,61.4,9.7,0,0.5,N.A.
Uttar Pradesh, Ballia,2010,0,2.1,0,0,18,24.8,155.4,113.4,176.2,21.6,0,0,511.5
Uttar Pradesh, Balrampur,2004,24.2,0,0,0,22,176.4,458.1,135,101.7,66.7,0,0,984.1
Uttar Pradesh, Balrampur,2005,10.5,2.2,0.6,5.8,6,59.5,275.4,238.8,133.6,35,0,0,767.4
Uttar Pradesh, Balrampur,2006,0,0,18.8,1.2,9,181.1,322.1,238.9,98.8,10.7,0,3.4,884
Uttar Pradesh, Balrampur,2007,0,42.2,10.4,1,33.3,40.1,374.6,168.9,121.9,0,N.A.,N.A.,N.A.
Uttar Pradesh, Balrampur,2008,N.A.,N.A.,N.A.,N.A.,N.A.,378.8,603.1,262.1,166.6,35.1,N.A.,N.A.,N.A.
Uttar Pradesh, Balrampur,2009,N.A.,N.A.,N.A.,N.A.,N.A.,38.6,234.1,352.8,85.6,83.4,0,0,N.A.
Uttar Pradesh, Balrampur,2010,0,13.5,0,0,2,96.6,246.3,343.3,268.6,4.2,0,0,974.5
Uttar Pradesh, Banda,2004,5,0,0,0.5,11,209.3,147.4,249.4,122.8,92.5,0,0,837.9
Uttar Pradesh, Banda,2005,0.9,3.9,11,0,8.7,362.2,268.4,258.6,203.5,0,0,14.6,1131.8
Uttar Pradesh, Banda,2006,0,0,23.9,0,25,75.3,359.8,172.4,37.6,0.6,3.4,0,698
Uttar Pradesh, Banda,2007,0,93.9,41.2,0,0,36,144.5,186.7,93.9,0,0,0,596.2
Uttar Pradesh, Banda,2008,N.A.,N.A.,0,0,16.1,323.8,444.2,193.9,66,6,9.7,0,N.A.
Uttar Pradesh, Banda,2009,0,0,N.A.,N.A.,47,17,143.1,194,178.1,74.5,16.3,8.7,N.A.
Uttar Pradesh, Banda,2010,13.7,37,0,0,1.7,7.1,243.4,168.7,167.9,7.3,22.2,0.5,669.5
Uttar Pradesh, Barabanki,2004,50,0,0,13,62.4,234.8,300.2,107,112.7,41.9,0,0,922
Uttar Pradesh, Barabanki,2005,16.8,14,14.8,2,28,93.4,298.5,110.2,188.5,8.7,0,0,774.9
Uttar Pradesh, Barabanki,2006,0,0,0.5,6.1,22.6,147.2,264.8,132.4,42.7,1.2,0,0,617.5
Uttar Pradesh, Barabanki,2007,0.4,1.2,41.3,0,0,60.6,180.2,168.9,76.8,0,N.A.,N.A.,N.A.
Uttar Pradesh, Barabanki,2008,N.A.,0,0,13.5,11,209.9,372.6,426.5,316.1,29.1,0,N.A.,N.A.
Uttar Pradesh, Barabanki,2009,N.A.,N.A.,N.A.,N.A.,N.A.,52.3,303.5,181.9,214.8,245.9,0,4,N.A.
Uttar Pradesh, Barabanki,2010,2,23,0,0,50.2,20.6,256.8,278.7,162.5,11.7,1.2,0.4,807.1
Uttar Pradesh, Bareilly,2004,10.1,0,0,30.9,29,164.9,215.6,188.6,51.1,77.2,0,0,767.4
Uttar Pradesh, Bareilly,2005,8.8,54.7,23.9,24.4,13.8,58.1,256.3,92.5,359.3,0,0,3.2,895
Uttar Pradesh, Bareilly,2006,0,0,19.4,7.2,53.7,44.5,301.7,161.4,77.8,27.7,1.4,1.5,696.3
Uttar Pradesh, Bareilly,2007,0.1,56.2,38.9,1,56.7,155,358.5,218.6,154.4,0,0,0.7,1040.1
Uttar Pradesh, Bareilly,2008,0,1.1,0,9.4,10.2,302.9,437.8,371.8,211.1,11.9,0,0,1356.2
Uttar Pradesh, Bareilly,2009,0,1,0.9,6.4,8.6,44.1,174.5,384.9,159.8,93.3,19.2,1.5,894.2
Uttar Pradesh, Bareilly,2010,4.1,18.8,0.9,1.2,25.6,9.1,505.8,427.9,425.9,1.5,7,2.4,1430.2
Uttar Pradesh, Basti,2004,N.A.,0,0,0,0,67.4,420.6,283.3,64,4.8,N.A.,N.A.,N.A.
Uttar Pradesh, Basti,2005,N.A.,N.A.,N.A.,N.A.,N.A.,142.2,328.4,620.8,148.5,0,N.A.,N.A.,N.A.
Uttar Pradesh, Basti,2006,N.A.,N.A.,N.A.,N.A.,N.A.,320.4,198.2,177.8,135.6,13.6,N.A.,N.A.,N.A.
Uttar Pradesh, Basti,2007,N.A.,N.A.,N.A.,N.A.,N.A.,78,581.8,366.6,232.8,4,N.A.,N.A.,N.A.
Uttar Pradesh, Basti,2008,N.A.,0,0,N.A.,24,403,437.7,290.9,65.7,34.1,N.A.,N.A.,N.A.
Uttar Pradesh, Basti,2009,N.A.,N.A.,N.A.,N.A.,N.A.,36.6,145.2,337.5,108.7,99,0,4.7,N.A.
Uttar Pradesh, Basti,2010,5.1,13.2,0,0,1.7,23.4,150.8,196.9,388.4,44.9,0,0,824.4
Uttar Pradesh, Bijnor,2004,18.5,14,0,78.8,58.9,84.8,283.5,378,139.5,35.4,0,0,1091.4
Uttar Pradesh, Bijnor,2005,27.1,39.4,15.9,1.9,19.8,113.3,393.4,103.5,422.8,0,0,0,1137.1
Uttar Pradesh, Bijnor,2006,2.7,0,15.9,6,161.2,108.4,295.1,143.9,62.4,11.8,0,2.7,810.1
Uttar Pradesh, Bijnor,2007,0.3,143.2,67.6,11.9,29.9,172.7,259.6,287.6,125.9,57,0,N.A.,N.A.
Uttar Pradesh, Bijnor,2008,1.3,0,0,10.5,42.1,270,294.2,255.4,52.1,24.8,18.8,0,969.2
Uttar Pradesh, Bijnor,2009,0,18.3,7,4.7,16.8,43.6,99.3,262.3,230,16.8,0,0,698.8
Uttar Pradesh, Bijnor,2010,8,29.8,0,0,20.3,7.9,568,299.8,347.5,1.7,0,15,1298
Uttar Pradesh, Bulandshahr,2004,4,0,0,3,10.3,35.2,72.4,262.1,48.3,49.6,N.A.,N.A.,N.A.
Uttar Pradesh, Bulandshahr,2005,N.A.,N.A.,34.5,0,0,20.7,277.8,57.3,202.9,0,0,0,N.A.
Uttar Pradesh, Bulandshahr,2006,0,0,3.3,0,7,29.1,186.8,30.9,67.2,0,0,0,324.3
Uttar Pradesh, Bulandshahr,2007,0,27.7,16,0,0,54.2,158.5,170.2,21.7,0,N.A.,N.A.,N.A.
Uttar Pradesh, Bulandshahr,2008,N.A.,N.A.,N.A.,N.A.,5.8,81,239.3,319.3,87.4,0,N.A.,N.A.,N.A.
Uttar Pradesh, Bulandshahr,2009,N.A.,N.A.,N.A.,N.A.,N.A.,6,90.2,176.9,91.4,34.7,11.9,1.8,N.A.
Uttar Pradesh, Bulandshahr,2010,1.9,10.5,0,0,0,0.3,183.8,245.4,296.3,0,9.5,2.7,750.4
Uttar Pradesh, Deoria,2004,33.6,0,0,16.5,92.1,202.4,333,103.5,33.5,23.5,N.A.,N.A.,N.A.
Uttar Pradesh, Deoria,2005,4,22,16,0,15.5,33,316.1,281,11,32.5,0,0,731.1
Uttar Pradesh, Deoria,2006,0,0,25,51.5,31.5,151.8,245.6,193.9,153.5,0,0,0,852.8
Uttar Pradesh, Deoria,2007,0,31.6,19.5,0,45,43.5,468,208.2,278,47,N.A.,N.A.,N.A.
Uttar Pradesh, Deoria,2008,N.A.,N.A.,N.A.,N.A.,N.A.,287.1,443.9,295,68.5,40.5,N.A.,N.A.,N.A.
Uttar Pradesh, Deoria,2009,N.A.,N.A.,N.A.,N.A.,N.A.,24.5,78.5,186,86.8,13,0,0,N.A.
Uttar Pradesh, Deoria,2010,0.1,4.5,0,0,35,61,197.2,166.6,281.2,83,0,0,828.6
Uttar Pradesh, Etah,2004,10.8,0,0,33.7,25.1,17.2,63.1,239,50.5,46.5,0,0,485.9
Uttar Pradesh, Etah,2005,0.6,11.4,26.6,0,9.4,15.5,151.9,31.5,70,0,0,0.5,317.4
Uttar Pradesh, Etah,2006,0,0,4,0,16,76.9,229.1,86.8,84.7,18.6,0,0,516.1
Uttar Pradesh, Etah,2007,0,74.5,64.4,0,15.4,13.6,139.5,127.2,32.1,1,0,0,467.7
Uttar Pradesh, Etah,2008,N.A.,N.A.,0,3.8,9.6,98.7,157.2,175.5,46.5,0,N.A.,N.A.,N.A.
Uttar Pradesh, Etah,2009,0,0,N.A.,18.3,12.3,0,41.9,109.4,64.4,31.3,20.8,1.3,N.A.
Uttar Pradesh, Etah,2010,5.4,7.3,0,0,7.4,3,190.2,111.2,246,0,10,0.7,581.2
Uttar Pradesh, Etawah,2004,44,0,0,2.3,24.6,27.6,68.2,171.6,142.5,94.6,0,0,575.4
Uttar Pradesh, Etawah,2005,1.5,0.8,3.5,0,0.2,20.3,263.7,26.7,49.1,0,0,1,366.8
Uttar Pradesh, Etawah,2006,0,0,2.6,0,2,26.9,228.7,31.5,32.6,0,0,0,324.3
Uttar Pradesh, Etawah,2007,0,44.2,16,0,0,54.6,42.3,76.1,25.9,0,N.A.,0,N.A.
Uttar Pradesh, Etawah,2008,0,0,0,12.6,16,101.2,293.9,256.8,74.3,0,0,0,754.8
Uttar Pradesh, Etawah,2009,0,0,N.A.,N.A.,2.1,0,96,133.2,106,42.6,3,18,N.A.
Uttar Pradesh, Etawah,2010,0,0,0,0,3,6,162.1,155.1,201.1,0,37.8,2.3,567.4
Uttar Pradesh, Faizabad,2004,18.2,0,0,8.6,33.5,178.8,322,209.7,192,6.5,0,0,969.3
Uttar Pradesh, Faizabad,2005,10,16,0,0,21.8,30.1,583.1,334.2,198,0,0,0,1193.2
Uttar Pradesh, Faizabad,2006,0,0,0,0,51.2,163.7,223.4,118.6,35.1,18.4,0,0,610.4
Uttar Pradesh, Faizabad,2007,0,3,31.4,0,27,59.4,467.8,225.8,92.7,0,N.A.,0,N.A.
Uttar Pradesh, Faizabad,2008,N.A.,N.A.,0,N.A.,N.A.,344.8,507,260,120.5,35,0,0,N.A.
Uttar Pradesh, Faizabad,2009,0,0,N.A.,N.A.,14.5,54.5,153.8,333.3,185.2,144.3,0,6.7,N.A.
Uttar Pradesh, Faizabad,2010,8.3,13.3,0,3.7,32.9,22.3,297.4,220.1,175.1,61.8,0.6,0,835.5
Uttar Pradesh, Farrukhabad,2004,35.8,0,0,4.1,50.4,182.6,228,122.5,100.7,81.2,0,0,805.3
Uttar Pradesh, Farrukhabad,2005,0,33.4,8.2,4.3,0,25.5,244.2,53,175.2,5.4,0,4.7,553.9
Uttar Pradesh, Farrukhabad,2006,0,0,0,1.9,0,102.5,425.6,73.6,73.3,21.6,0,0.5,699
Uttar Pradesh, Farrukhabad,2007,0,82.7,18.4,0,0,9,225.7,141.2,31.6,0,N.A.,N.A.,N.A.
Uttar Pradesh, Farrukhabad,2008,N.A.,N.A.,N.A.,0,12.8,112.9,310.1,209.8,100,0,0,0,N.A.
Uttar Pradesh, Farrukhabad,2009,0,0,0,3.2,271.6,4.3,90.1,224.7,106.6,47.5,13.5,0.7,762.2
Uttar Pradesh, Farrukhabad,2010,0,14.3,0,0,15.5,0,367.7,338.8,256,7.7,14.6,1.8,1016.4
Uttar Pradesh, Fatehpur,2004,14.9,0,0,2.6,1.4,250.3,65.6,228.7,100.2,41.4,0,0,705.1
Uttar Pradesh, Fatehpur,2005,12.8,5.3,22,0,6.4,20.3,215.9,117.4,131.7,1.7,0,7.2,540.7
Uttar Pradesh, Fatehpur,2006,0,0,9.7,1.9,0.3,30.1,247.2,61.1,34.8,20.5,11.6,0,417.2
Uttar Pradesh, Fatehpur,2007,0,65.9,37,0.7,2.2,37.3,215.6,195.4,22.8,0.7,0,N.A.,N.A.
Uttar Pradesh, Fatehpur,2008,N.A.,N.A.,N.A.,N.A.,N.A.,307,532.3,224.7,53.1,0,N.A.,N.A.,N.A.
Uttar Pradesh, Fatehpur,2009,N.A.,N.A.,N.A.,N.A.,N.A.,0,73,134.1,143.1,53.7,7.2,13.3,N.A.
Uttar Pradesh, Fatehpur,2010,11.7,15.7,0,0,7.1,0.7,153.8,302,113,3.2,10.8,0,618
Uttar Pradesh, Firozabad,2004,24.9,0,0,1,17.8,46.8,38.1,276.1,70.9,39.9,0,0,515.5
Uttar Pradesh, Firozabad,2005,0,11,12.3,0,13.7,10.2,370.1,106.1,105.1,0,0,4.4,632.9
Uttar Pradesh, Firozabad,2006,0,0,3,0,50.5,78.4,508.6,25.9,58.8,0,0,0.5,725.7
Uttar Pradesh, Firozabad,2007,7.4,64.6,57.3,0.8,0,30.2,251.4,123.9,22,0,N.A.,N.A.,N.A.
Uttar Pradesh, Firozabad,2008,N.A.,N.A.,N.A.,N.A.,N.A.,N.A.,425.8,244.2,33,0,N.A.,N.A.,N.A.
Uttar Pradesh, Firozabad,2009,N.A.,N.A.,N.A.,N.A.,N.A.,0,80.7,200.2,41.9,57.3,24.4,0,N.A.
Uttar Pradesh, Firozabad,2010,1.6,7.1,0,0,16,8.8,134.7,116.7,161.3,0,12.2,1.5,459.9
Uttar Pradesh, Ghaziabad,2004,7.8,0,0,30.4,75,20.6,36.8,520.6,50.4,12.6,0,0,754.2
Uttar Pradesh, Ghaziabad,2005,0,23.9,19,0,0,80.5,185.7,57.9,284.2,0,0,0,651.2
Uttar Pradesh, Ghaziabad,2006,0,0,N.A.,0,0,34.2,250.5,20.4,114,16,0,0,N.A.
Uttar Pradesh, Ghaziabad,2007,0,45,64,0,0,64.1,84.1,99.8,4.7,0,N.A.,0,N.A.
Uttar Pradesh, Ghaziabad,2008,N.A.,N.A.,N.A.,N.A.,N.A.,16.4,124.4,58.1,8.7,0,2,N.A.,N.A.
Uttar Pradesh, Ghaziabad,2009,N.A.,N.A.,N.A.,N.A.,N.A.,0,61.6,101,41.7,1,1.5,0,N.A.
Uttar Pradesh, Ghaziabad,2010,3.5,0,0,0,0,0,117.5,249.7,313.2,0,0,10,693.9
Uttar Pradesh, Ghazipur,2004,10.8,2.9,0,12.5,7,77.8,98.5,132.9,37.6,1.8,0,0,381.8
Uttar Pradesh, Ghazipur,2005,18.4,18.3,0,0,10.3,8.1,265.7,242.6,96.1,6.2,0,1,666.7
Uttar Pradesh, Ghazipur,2006,0,0,0,3.7,8.9,250.7,311,142.1,97.8,0,0,0,814.2
Uttar Pradesh, Ghazipur,2007,0,48,59,0,45.1,18,369.5,237.3,221.1,11.3,N.A.,N.A.,N.A.
Uttar Pradesh, Ghazipur,2008,N.A.,N.A.,N.A.,0,0,194.7,374.4,228,53.2,8.2,0,0,N.A.
Uttar Pradesh, Ghazipur,2009,0,0,0,0,0,9.8,125.3,315.4,164.5,11.8,16.8,0,643.6
Uttar Pradesh, Ghazipur,2010,4.1,19.2,0,0,26.9,4.5,305.2,291.9,95.9,6.7,0,0,754.4
Uttar Pradesh, Gonda,2004,58.2,0,0,10.4,54,205,331.7,110.4,67.4,31,N.A.,0,N.A.
Uttar Pradesh, Gonda,2005,5.2,10,7.2,0,0,74.5,400.9,442.6,179.6,6,0,0,1126
Uttar Pradesh, Gonda,2006,0,0,21.5,0,37.2,210.3,233.4,88.6,14.4,0,0,7,612.4
Uttar Pradesh, Gonda,2007,0,25.2,3,13,44,35.4,396.5,334.5,249.7,0,N.A.,N.A.,N.A.
Uttar Pradesh, Gonda,2008,N.A.,N.A.,N.A.,N.A.,N.A.,143.6,500.8,238.3,198.7,17,N.A.,N.A.,N.A.
Uttar Pradesh, Gonda,2009,N.A.,N.A.,N.A.,N.A.,N.A.,78.8,217.1,321.4,111,234.7,0,0,N.A.
Uttar Pradesh, Gonda,2010,0,12.6,0,0,11,50.5,296.6,390.7,253.6,10.5,0,0,1025.5
Uttar Pradesh, Gorakhpur,2004,41.2,0,0,5.5,69.8,278.1,302.9,376.8,4.8,10.9,0,0,1090
Uttar Pradesh, Gorakhpur,2005,15.1,26.3,1.4,8.8,16.9,67.1,380.5,410.2,86.1,230,0,0,1242.4
Uttar Pradesh, Gorakhpur,2006,0,0,38.6,5.2,65,312.7,336.3,199.5,84.9,12.5,0,0,1054.7
Uttar Pradesh, Gorakhpur,2007,0,59,23.6,10.5,36.1,85.2,376.1,499.2,366.9,54.9,0,0.4,1511.9
Uttar Pradesh, Gorakhpur,2008,2.2,3.6,0,10,53.4,485.2,573,395.8,168.5,25,0,0,1716.7
Uttar Pradesh, Gorakhpur,2009,0.6,0,1.1,0,58.4,44.8,427.4,247,109.3,79.2,0,2.1,969.9
Uttar Pradesh, Gorakhpur,2010,0,14.4,0,0,18.4,93.6,337.6,379.7,438.9,17.8,0.2,0,1300.6
Uttar Pradesh, Hamirpur,2004,28.9,0,0,2.2,1.5,59.9,93.4,145.4,168.2,59.5,0,0,559
Uttar Pradesh, Hamirpur,2005,10.5,0.5,20.5,0,2.6,88,208.4,189.2,95.1,0,0,0,614.8
Uttar Pradesh, Hamirpur,2006,0,0,10.7,0,13.2,43.3,228.2,87.5,55.7,7.3,8.1,0,454
Uttar Pradesh, Hamirpur,2007,0,57.8,7.1,0,0.7,56.9,115.2,155.8,60.4,1.1,0,3.3,458.3
Uttar Pradesh, Hamirpur,2008,N.A.,N.A.,0,0,2.2,219.5,431,229.3,109.9,5.8,11.4,0,N.A.
Uttar Pradesh, Hamirpur,2009,2.8,1.8,2,5.2,31.2,10.7,179.4,204.4,135.1,86.4,17.2,6.8,683
Uttar Pradesh, Hamirpur,2010,2.2,22.1,0,0,0.5,14.2,148.8,166.9,139,25,20.7,0.5,539.9
Uttar Pradesh, Hardoi,2004,34.1,0,0,11,33.5,168.7,305.9,166,174.3,60.3,0,0,953.8
Uttar Pradesh, Hardoi,2005,6.3,11.4,8.8,0,0,77.9,223.1,93.5,214.4,4.5,0,0,639.9
Uttar Pradesh, Hardoi,2006,0,0,1,1.5,14,90,324,39.3,128.5,0,0,0,598.3
Uttar Pradesh, Hardoi,2007,0,56.5,33.9,0,0,84,69,149.1,22,0.5,N.A.,3.9,N.A.
Uttar Pradesh, Hardoi,2008,N.A.,N.A.,0,0,42.1,211.6,196.6,278.3,66.5,0,0,0,N.A.
Uttar Pradesh, Hardoi,2009,0,2,3,0,37,43.3,75.1,252.8,168.3,53.9,2.3,7.6,645.3
Uttar Pradesh, Hardoi,2010,1.6,10.3,0,0,31.1,16.8,325.8,160.7,226.4,0.6,5.8,0.3,779.4
Uttar Pradesh, Jalaun,2004,19,0,0,6.4,3.8,30,151.4,160.9,190,67.9,0,0,629.4
Uttar Pradesh, Jalaun,2005,5.5,1,6.5,0,2.5,41.6,242,270.5,105.1,0,0,0,674.7
Uttar Pradesh, Jalaun,2006,0,0,N.A.,0,0,14.3,252,66.4,36.2,19.3,0,0,N.A.
Uttar Pradesh, Jalaun,2007,0,3.7,14,0,0,77.5,82.9,88.2,57.1,0,N.A.,N.A.,N.A.
Uttar Pradesh, Jalaun,2008,N.A.,N.A.,0,0,0,176.2,309.5,135.2,106.8,8.7,0,0,N.A.
Uttar Pradesh, Jalaun,2009,0,0,0.4,N.A.,N.A.,0,132.2,154.2,105.4,108.5,27.5,4.8,N.A.
Uttar Pradesh, Jalaun,2010,0.3,13.8,0,0,1.7,5.8,243.4,177,216,0,41.5,1,700.5
Uttar Pradesh, Jaunpur,2004,N.A.,0,0,0,0,111.5,127.4,177.3,12.4,0,N.A.,N.A.,N.A.
Uttar Pradesh, Jaunpur,2005,0,4.4,11.4,0,0,50.4,332.1,240.7,133.6,24.3,0,0,796.9
Uttar Pradesh, Jaunpur,2006,0,N.A.,N.A.,0,0,55.4,640.9,163.4,57.1,1.8,0,0,N.A.
Uttar Pradesh, Jaunpur,2007,0,34.2,0,0,0,89.4,442.1,102,289.3,8.6,N.A.,N.A.,N.A.
Uttar Pradesh, Jaunpur,2008,N.A.,N.A.,N.A.,N.A.,N.A.,209.6,449.3,343.2,98,20.7,0,N.A.,N.A.
Uttar Pradesh, Jaunpur,2009,N.A.,N.A.,N.A.,N.A.,N.A.,5.5,189.1,136.5,155.7,21.7,0,0.5,N.A.
Uttar Pradesh, Jaunpur,2010,2.7,1.7,0,0,0.5,6,120.6,213.8,131.5,21.3,2.3,0,500.4
Uttar Pradesh, Jhansi,2004,12.3,0,0,7,5.3,71.2,134.1,260.2,85.8,117.4,0,0,693.3
Uttar Pradesh, Jhansi,2005,9.1,2,39,0.9,7.2,104.9,213.7,108,116.1,16.5,0,1.6,619
Uttar Pradesh, Jhansi,2006,0,0,30.1,0,22.4,50.9,170.1,80.9,27.5,6.8,0,0.1,388.8
Uttar Pradesh, Jhansi,2007,0.7,31.4,17.7,0.1,13.9,69.5,82.3,99.9,36.5,0,0,0.8,352.8
Uttar Pradesh, Jhansi,2008,0,0,0,2.8,18.2,583.2,244,206.8,90.3,0,24.3,0,1169.6
Uttar Pradesh, Jhansi,2009,8.8,0.8,N.A.,2.7,12,8,189.7,181.9,70.5,57.6,10.3,3.5,N.A.
Uttar Pradesh, Jhansi,2010,3.2,23.6,0,1.8,1.4,26.8,214.6,142.6,155.7,0.1,30,2.2,602
Uttar Pradesh, Jyotiba Phule Nagar,2004,7.5,0,0,9.5,43.6,14.8,144.5,451.8,71,36.5,0,0,779.2
Uttar Pradesh, Jyotiba Phule Nagar,2005,24,19.1,26,0,0,116.6,366.5,143.5,525,0,0,0,1220.7
Uttar Pradesh, Jyotiba Phule Nagar,2006,0,0,1,0,22.5,108,436,44.5,253.5,61,0,0,926.5
Uttar Pradesh, Jyotiba Phule Nagar,2007,0,137.5,65,0,36,192.5,110,211.8,112.5,15.7,0,0,881
Uttar Pradesh, Jyotiba Phule Nagar,2008,N.A.,N.A.,0,N.A.,N.A.,290.5,403,305,83,9,5.5,0,N.A.
Uttar Pradesh, Jyotiba Phule Nagar,2009,0,12,N.A.,3.8,11.5,0,161.5,223.7,92.7,96,0.7,0,N.A.
Uttar Pradesh, Jyotiba Phule Nagar,2010,3.5,28.5,0,0,7,1.5,564.3,295.3,397.3,4,0,2,1303.4
Uttar Pradesh, Kanpur City,2004,0,0,0,9.9,7.5,96,279.4,139.3,197.2,30.5,0,0,759.8
Uttar Pradesh, Kanpur City,2005,3,0,15.2,0,0.2,67.4,264.9,144.3,147.1,0,0,3,645.1
Uttar Pradesh, Kanpur City,2006,0,0,11.9,5.6,17.4,61,309,41.7,90.2,1.2,4,0.6,542.6
Uttar Pradesh, Kanpur City,2007,1.2,60.7,10.2,3.2,0,40.3,354.2,180.1,34.7,1.3,0,1.2,687.1
Uttar Pradesh, Kanpur City,2008,0,1.2,0,3.6,8.1,445.6,601.6,297,85.7,0,N.A.,0,N.A.
Uttar Pradesh, Kanpur City,2009,0,6.4,1.2,0.8,27.1,21.3,104.1,170.7,134.4,110.9,6.2,4.8,587.9
Uttar Pradesh, Kanpur City,2010,0,11.3,0,0,3.5,36,218.1,94.8,133.5,7.2,17.8,0.8,523
Uttar Pradesh, Kanpur Dehat,2004,N.A.,N.A.,N.A.,4,N.A.,62.7,266,62.1,126.2,32,0,N.A.,N.A.
Uttar Pradesh, Kanpur Dehat,2005,N.A.,N.A.,N.A.,N.A.,N.A.,73.5,297.7,239.1,111.5,2,N.A.,N.A.,N.A.
Uttar Pradesh, Kanpur Dehat,2006,N.A.,N.A.,8,N.A.,N.A.,70.7,430.6,52.2,94.4,0,N.A.,N.A.,N.A.
Uttar Pradesh, Kanpur Dehat,2007,N.A.,N.A.,N.A.,N.A.,N.A.,53.5,212.5,110.5,45.7,0,N.A.,N.A.,N.A.
Uttar Pradesh, Kanpur Dehat,2008,N.A.,N.A.,N.A.,N.A.,2,139.7,172.3,176.5,103.1,6.4,0,0,N.A.
Uttar Pradesh, Kanpur Dehat,2009,0,0,N.A.,N.A.,16.5,27.9,66.3,166.4,82.5,141.6,7.5,6.7,N.A.
Uttar Pradesh, Kanpur Dehat,2010,0,11,0,0,18,22.7,319.3,58.4,210.2,16.7,27.5,0,683.8
Uttar Pradesh, Kheri,2004,38.5,0,0,21.8,52.6,174.2,299.3,136.5,436.5,49.2,0,0,1208.6
Uttar Pradesh, Kheri,2005,7.1,1.6,2.4,0,32.6,52.9,319.2,252.4,147,3.2,0,2.7,821.1
Uttar Pradesh, Kheri,2006,0,0,18.2,3.2,32.8,175.8,358.4,154,50,0,0,1.6,794
Uttar Pradesh, Kheri,2007,0,44.6,16.4,0.5,9.4,113.2,391.6,282.6,163.6,1,N.A.,N.A.,N.A.
Uttar Pradesh, Kheri,2008,N.A.,N.A.,N.A.,N.A.,51.2,147.6,468.6,371.3,449.2,33.1,N.A.,0,N.A.
Uttar Pradesh, Kheri,2009,0,0,0,0,N.A.,120.8,184,356.2,233.8,267.9,5.8,9,N.A.
Uttar Pradesh, Kheri,2010,2.9,19.3,0.7,0,32.1,74.2,348.6,558.8,237.2,6,0,0.9,1280.7
Uttar Pradesh, Lalitpur,2004,N.A.,N.A.,N.A.,N.A.,8,117,102.5,364,80.8,33,N.A.,N.A.,N.A.
Uttar Pradesh, Lalitpur,2005,N.A.,1.5,44.5,N.A.,0,110.5,529.1,167.8,164,0,0,0,N.A.
Uttar Pradesh, Lalitpur,2006,0,0,75,0,25.6,63.7,309.5,183.1,67.4,0,0,0,724.3
Uttar Pradesh, Lalitpur,2007,0,49.6,0,1,0,78.5,176.9,199.2,88.1,0,N.A.,N.A.,N.A.
Uttar Pradesh, Lalitpur,2008,N.A.,0,0,0,10.4,514.5,142.2,64,11.5,4,N.A.,N.A.,N.A.
Uttar Pradesh, Lalitpur,2009,26,N.A.,N.A.,N.A.,1.5,44.5,216.5,184.5,121.5,96.5,50,11.5,N.A.
Uttar Pradesh, Lalitpur,2010,3,9.5,0,0,0,22,322,201,119,29,47,1.5,754
Uttar Pradesh, Lucknow,2004,51.3,0,0,10,20.9,194.2,147.3,108.1,189.4,34.9,0,0.2,756.3
Uttar Pradesh, Lucknow,2005,9.9,5.1,8.6,0.3,33.6,57.6,263,80.1,125.4,2.1,0,0.6,586.3
Uttar Pradesh, Lucknow,2006,0,0,13.7,30.8,55.3,246.5,342,151.1,32.9,31.3,6.7,4.1,914.4
Uttar Pradesh, Lucknow,2007,0.5,66.1,18.1,1.3,61.9,91.6,246.7,197.1,118,2.6,0,0.8,804.7
Uttar Pradesh, Lucknow,2008,0.1,2.2,0,18.7,66.1,215.2,444.3,377.5,330.6,4.7,0,0,1459.4
Uttar Pradesh, Lucknow,2009,0,5.8,10.5,1.6,10.6,36.5,166.1,256.5,229.9,105.8,4,4.4,831.7
Uttar Pradesh, Lucknow,2010,1.6,15.8,0,0,36.5,49.4,342.2,199.9,144.2,11.7,8.6,0.6,810.5
Uttar Pradesh, Mahamaya Nagar,2004,6,0,0,37.2,20.2,7.8,39.5,179.9,124.6,32,0,N.A.,N.A.
Uttar Pradesh, Mahamaya Nagar,2005,0,3,14,N.A.,5,7.4,546.6,33,227.2,0,0,0,N.A.
Uttar Pradesh, Mahamaya Nagar,2006,0,0,1.6,0,19.1,44.2,270.3,44.2,45.5,17.6,0,0,442.5
Uttar Pradesh, Mahamaya Nagar,2007,0,33.8,19,0,0,37.9,113.2,70.2,43,N.A.,0,N.A.,N.A.
Uttar Pradesh, Mahamaya Nagar,2008,N.A.,N.A.,N.A.,N.A.,N.A.,N.A.,86.4,78.7,29.1,0,N.A.,N.A.,N.A.
Uttar Pradesh, Mahamaya Nagar,2009,N.A.,N.A.,N.A.,N.A.,N.A.,0,25,85.8,22.4,34.7,22.5,0,N.A.
Uttar Pradesh, Mahamaya Nagar,2010,4,5.5,0,0,18.7,1,203,155.1,215.3,0,21.5,0,624.1
Uttar Pradesh, Maharajganj,2004,45.1,0,0,47.3,92.4,215.6,412.4,144.6,92.3,120.7,0,0,1170.4
Uttar Pradesh, Maharajganj,2005,46.9,6,N.A.,10.8,30.4,86.4,332.8,291.5,107.7,87.8,0,0,N.A.
Uttar Pradesh, Maharajganj,2006,0,0,6,20.8,105.7,301.5,298.6,155.5,168.4,3.3,0,0,1059.8
Uttar Pradesh, Maharajganj,2007,0,78.2,5,54.2,41.9,46.6,500.8,319,61.2,N.A.,N.A.,N.A.,N.A.
Uttar Pradesh, Maharajganj,2008,N.A.,N.A.,N.A.,N.A.,N.A.,137.1,281.5,115.2,43,24.7,0,N.A.,N.A.
Uttar Pradesh, Maharajganj,2009,N.A.,0,N.A.,N.A.,19.2,52,202.1,177.3,20,24.4,0,1.3,N.A.
Uttar Pradesh, Maharajganj,2010,0,3.7,0,0,20.4,57.4,219.2,239.1,191.2,22.7,0,0,753.7
Uttar Pradesh, Mainpuri,2004,13.8,0,0,4.9,42.8,58.6,84.9,263.6,113.4,103.5,0,0,685.5
Uttar Pradesh, Mainpuri,2005,11,14.8,44.5,0,16.2,16.4,376.1,59.4,116.2,0,0,0,654.6
Uttar Pradesh, Mainpuri,2006,0,0,N.A.,0,0,N.A.,271.5,83.4,2,N.A.,3.2,N.A.,N.A.
Uttar Pradesh, Mainpuri,2007,N.A.,N.A.,N.A.,N.A.,N.A.,N.A.,N.A.,N.A.,1.1,0,N.A.,0,N.A.
Uttar Pradesh, Mainpuri,2008,N.A.,N.A.,N.A.,N.A.,57.2,236,436,367.8,91.2,0,0,0,N.A.
Uttar Pradesh, Mainpuri,2009,0,0.7,N.A.,N.A.,11.5,0,85.9,220.4,115.6,87.8,18.3,1.2,N.A.
Uttar Pradesh, Mainpuri,2010,2.3,8.5,0,0,10.5,19.4,89,131.4,156.7,0,15.7,1.9,435.4
Uttar Pradesh, Mathura,2004,8,0,0,7.7,22,49.7,20.2,220.3,8.2,151,0,0,487.1
Uttar Pradesh, Mathura,2005,0,11.2,36.3,2,1,7.8,576.3,78.8,95.1,0,0,0,808.5
Uttar Pradesh, Mathura,2006,0,0,1.4,0,5,6,255,20.3,26.5,0,0,5,319.2
Uttar Pradesh, Mathura,2007,0,16.5,33,0,0,21.4,113.8,63.9,31,0,0,0,279.6
Uttar Pradesh, Mathura,2008,N.A.,N.A.,0,15.3,34.5,114.3,275.1,260.8,131.1,0,0,0,N.A.
Uttar Pradesh, Mathura,2009,0,0,0,0,20,10,100.6,152.4,77.8,17,27,6,410.8
Uttar Pradesh, Mathura,2010,1.5,14.5,0,3,19,36,122.7,280.3,187.7,0,19,1,684.7
Uttar Pradesh, Mau,2004,22,N.A.,N.A.,N.A.,19,266.1,299.6,226.5,47.6,51.4,N.A.,N.A.,N.A.
Uttar Pradesh, Mau,2005,N.A.,N.A.,N.A.,N.A.,5,27.2,498.5,666.1,43.1,0,0,0,N.A.
Uttar Pradesh, Mau,2006,0,0,N.A.,42,30,191.8,101,147.6,73,0,0,N.A.,N.A.
Uttar Pradesh, Mau,2007,N.A.,N.A.,N.A.,N.A.,N.A.,N.A.,N.A.,N.A.,59.9,7.5,N.A.,N.A.,N.A.
Uttar Pradesh, Mau,2008,N.A.,N.A.,N.A.,N.A.,N.A.,216.1,355.5,229.5,30,N.A.,N.A.,N.A.,N.A.
Uttar Pradesh, Mau,2009,N.A.,N.A.,N.A.,N.A.,N.A.,1.3,76.3,154.5,79,12.1,0,0,N.A.
Uttar Pradesh, Mau,2010,5,4,0,0,13,17.5,114.9,119.8,143,15,0,0,432.2
Uttar Pradesh, Meerut,2004,26,0,0,44.3,67.9,32,36.4,348.7,34.3,82.7,50,0,722.3
Uttar Pradesh, Meerut,2005,0,39,6,0,21.4,69,149.4,64.9,289.7,0,0,N.A.,N.A.
Uttar Pradesh, Meerut,2006,0,0,58.9,0.4,19.1,16.5,145.3,16,94.5,2,0,0,352.7
Uttar Pradesh, Meerut,2007,1.5,60.1,20.9,0,1.9,92,70.9,109.4,17,0,N.A.,0,N.A.
Uttar Pradesh, Meerut,2008,0.4,0,0,1.2,47.2,58.7,190.6,95.7,36.6,0,7,0,437.4
Uttar Pradesh, Meerut,2009,2.2,1.4,0,0,2,5.1,99.8,51.2,60,0,1.3,0.7,223.7
Uttar Pradesh, Meerut,2010,9,17.2,0,1.7,0,18.5,240,188.7,214.5,6.2,0.4,5.7,701.9
Uttar Pradesh, Mirzapur,2004,25,0,0,6,10.5,192.4,177.7,318.5,46.5,16.2,0,0,792.8
Uttar Pradesh, Mirzapur,2005,23,43,18,0,0,22.9,297.5,293.3,86,4,0,29,816.7
Uttar Pradesh, Mirzapur,2006,0,0,26,43,21,93.8,319.5,267.1,35.5,6.5,0,0,812.4
Uttar Pradesh, Mirzapur,2007,0,65,38,0,17.2,73.3,276.8,124.4,154.3,2.9,N.A.,N.A.,N.A.
Uttar Pradesh, Mirzapur,2008,N.A.,N.A.,N.A.,N.A.,N.A.,316.2,455.1,327.8,22.3,0,N.A.,N.A.,N.A.
Uttar Pradesh, Mirzapur,2009,N.A.,N.A.,N.A.,N.A.,N.A.,2.4,170.4,42.9,91.7,37.9,18.5,0,N.A.
Uttar Pradesh, Mirzapur,2010,0,14.5,0,0,0,0,143.7,245.2,240,12,0.3,0,655.7
Uttar Pradesh, Moradabad,2004,20.7,0,0,41.5,52.9,92.1,194.9,332.3,119.3,50.8,0,0,904.5
Uttar Pradesh, Moradabad,2005,51.2,27.2,55.1,0.5,1.6,68.5,384.8,64.9,423.5,0,0,0.2,1077.5
Uttar Pradesh, Moradabad,2006,0.2,0,10.2,0,17.4,56.4,251,90.9,118.1,42.9,0,9.2,596.3
Uttar Pradesh, Moradabad,2007,0,66.5,57.4,0,10.6,112.8,216.5,339,192.5,0,N.A.,N.A.,N.A.
Uttar Pradesh, Moradabad,2008,N.A.,N.A.,0,0,13.4,365.2,173.1,315.6,58.8,2,7.4,0,N.A.
Uttar Pradesh, Moradabad,2009,0,10.8,4,39.6,5.7,13.3,145.6,195.9,171.2,103.5,4.6,0,694.2
Uttar Pradesh, Moradabad,2010,0.2,13,1.3,0,45.7,18.7,555.1,450.9,436.1,0.5,0.2,8.7,1530.4
Uttar Pradesh, Muzaffarnagar,2004,21.1,0.9,0,19.5,42.8,39.9,54.7,156.4,29.4,43.7,0,0,408.4
Uttar Pradesh, Muzaffarnagar,2005,21.5,33.3,25.4,0,0,112,279.3,31.1,426.7,0,0,0,929.3
Uttar Pradesh, Muzaffarnagar,2006,1.5,0,30.5,0,14.7,37.6,239.8,38.3,58.5,31.4,0,2.5,454.8
Uttar Pradesh, Muzaffarnagar,2007,1.3,49.5,18.3,0,18.9,98.1,101.3,82.7,113.8,0,N.A.,N.A.,N.A.
Uttar Pradesh, Muzaffarnagar,2008,N.A.,N.A.,N.A.,N.A.,N.A.,N.A.,76.4,111.8,46.7,0,10.7,0,N.A.
Uttar Pradesh, Muzaffarnagar,2009,10.4,30.6,1.4,12.2,3,1.9,81.8,28.1,113.5,0,0,0,282.9
Uttar Pradesh, Muzaffarnagar,2010,3.9,7.5,0,0,9,17.1,189.5,186.1,146.3,0,1,0,560.4
Uttar Pradesh, Pilibhit,2004,N.A.,0,N.A.,26.7,10,92.3,152.9,56.2,197,41.3,0,N.A.,N.A.
Uttar Pradesh, Pilibhit,2005,13.1,15.5,2.6,N.A.,9.9,27.3,224.7,149.1,237.4,0,0.4,0,N.A.
Uttar Pradesh, Pilibhit,2006,0,0,N.A.,0,38.7,82,138.4,53.1,31.2,0,0,0,N.A.
Uttar Pradesh, Pilibhit,2007,0,28.1,0,0,8.8,62,246.8,142.6,72,4.8,N.A.,N.A.,N.A.
Uttar Pradesh, Pilibhit,2008,N.A.,0,N.A.,1.3,6.6,67.2,148,77.2,51.2,0,N.A.,N.A.,N.A.
Uttar Pradesh, Pilibhit,2009,N.A.,N.A.,N.A.,N.A.,N.A.,19.1,127.9,295.2,205.8,145.6,9.1,1.3,N.A.
Uttar Pradesh, Pilibhit,2010,1.8,26.5,0,0,19.6,25,398,400.8,275.2,0,0,0,1146.9
Uttar Pradesh, Pratapgarh,2004,7,0,0,6,0,177.2,84.5,97,65.2,6.2,0,0,443.1
Uttar Pradesh, Pratapgarh,2005,0,20,24.1,0,5,10.7,184.9,190.3,119.5,7.6,0,0,562.1
Uttar Pradesh, Pratapgarh,2006,0,0,11,3,21.9,33.5,436,165,30.7,9.4,2.3,0,712.8
Uttar Pradesh, Pratapgarh,2007,0,51.4,31.1,0,3,73.4,228.6,136.1,125.9,8.7,N.A.,N.A.,N.A.
Uttar Pradesh, Pratapgarh,2008,N.A.,N.A.,0,N.A.,25.1,197.9,436.5,210.7,66.3,15.7,0,N.A.,N.A.
Uttar Pradesh, Pratapgarh,2009,0.8,0,0,0,26,0,319.6,89.3,111.3,82.7,12,6.3,648
Uttar Pradesh, Pratapgarh,2010,6.7,23.6,0,0,26,0,249.3,228.6,168.3,3.3,12,0,717.8
Uttar Pradesh, Raebareilly,2004,40,0,0,25,5,243.1,153.3,154.9,189.2,17.3,0,0,827.8
Uttar Pradesh, Raebareilly,2005,8.8,1.1,9.7,0,9.2,40.4,302.6,87.1,177.4,0,0,2.1,638.4
Uttar Pradesh, Raebareilly,2006,0,0,0,54.8,8.3,49,338.2,158.2,21.7,4.7,0,0,634.9
Uttar Pradesh, Raebareilly,2007,0,29.3,12.2,0,18,38.3,226.9,215.8,135.5,12,N.A.,N.A.,N.A.
Uttar Pradesh, Raebareilly,2008,N.A.,0,0,3.1,11,120.3,230.3,185.8,92.3,0,0,0,N.A.
Uttar Pradesh, Raebareilly,2009,0,1,0,0,1,0,128.8,100.4,68.6,20.7,11,8.3,339.8
Uttar Pradesh, Raebareilly,2010,3.8,9.8,0,0,30,3.9,85.6,137.2,73.6,0.6,2,0,346.5
Uttar Pradesh, Rampur,2004,N.A.,0,N.A.,N.A.,N.A.,84.1,65.4,135.2,79.3,N.A.,N.A.,N.A.,N.A.
Uttar Pradesh, Rampur,2005,1.9,30.5,17.8,N.A.,N.A.,22.5,200.7,44.8,216.3,N.A.,N.A.,N.A.,N.A.
Uttar Pradesh, Rampur,2006,N.A.,N.A.,N.A.,N.A.,N.A.,5.3,105.6,55.5,92.7,N.A.,N.A.,N.A.,N.A.
Uttar Pradesh, Rampur,2007,N.A.,N.A.,N.A.,N.A.,N.A.,66.2,N.A.,N.A.,N.A.,1.3,N.A.,N.A.,N.A.
Uttar Pradesh, Rampur,2008,N.A.,N.A.,0,N.A.,0,N.A.,115.5,215.4,52.4,4.7,N.A.,N.A.,N.A.
Uttar Pradesh, Rampur,2009,N.A.,N.A.,N.A.,N.A.,N.A.,2.7,66.1,160.5,95.7,44.7,14.7,0,384.4
Uttar Pradesh, Rampur,2010,2.2,11.3,1.2,0,0.8,7.7,242.2,293.1,299,0,0,0,857.5
Uttar Pradesh, Saharanpur,2004,82.8,4.4,0,35.8,70.9,68.9,91.5,461.6,48.3,49.2,17.5,1.7,932.6
Uttar Pradesh, Saharanpur,2005,27.5,31.4,62.2,0,0.1,97.9,439.7,93.2,474.1,0,0,0,1226.1
Uttar Pradesh, Saharanpur,2006,3,0,106.5,0,57.3,62.7,279.6,40.7,32.3,9.7,0.8,3.2,595.8
Uttar Pradesh, Saharanpur,2007,0.7,124.4,74.4,2.8,11.5,149,182.9,324.6,35.8,0,N.A.,N.A.,N.A.
Uttar Pradesh, Saharanpur,2008,N.A.,N.A.,0,N.A.,N.A.,313.6,196.8,225.1,24.6,N.A.,8.3,N.A.,N.A.
Uttar Pradesh, Saharanpur,2009,N.A.,N.A.,N.A.,N.A.,N.A.,0,142.2,193.9,218.9,0,0,0,N.A.
Uttar Pradesh, Saharanpur,2010,8.3,20,0,0,19.3,28.3,462,285.3,399.7,0,0,1,1223.9
Uttar Pradesh, Sahuji MaharajNagar,2004,0,0,0,0,0,223,139,187,128,34,0,N.A.,N.A.
Uttar Pradesh, Sahuji MaharajNagar,2005,N.A.,N.A.,N.A.,0,26,155,67,N.A.,N.A.,0,0,0,N.A.
Uttar Pradesh, Sahuji MaharajNagar,2006,0,0,0,0,0,39,302.8,231.8,12.6,9,0,0,595.2
Uttar Pradesh, Sahuji MaharajNagar,2007,0,42,0,2.1,0,45,144,71,N.A.,N.A.,N.A.,N.A.,N.A.
Uttar Pradesh, Sahuji MaharajNagar,2008,N.A.,N.A.,N.A.,N.A.,N.A.,166.5,420.5,N.A.,53,0,5,N.A.,N.A.
Uttar Pradesh, Sahuji MaharajNagar,2009,0,0,N.A.,N.A.,29,0,66,162.5,136,26,39,26,N.A.
Uttar Pradesh, Sahuji MaharajNagar,2010,0,23,0,0,0,25,127.5,121,110,15,3,0,424.5
Uttar Pradesh, Sant Ravidas Nagar,2004,21,0,0,8,32.8,162,176.4,104.6,23.2,16,N.A.,0,N.A.
Uttar Pradesh, Sant Ravidas Nagar,2005,14,12.7,0,0,0,2,331.6,256,N.A.,0,0,0,N.A.
Uttar Pradesh, Sant Ravidas Nagar,2006,0,0,0,26,16,32,319,246,32,11,0,0,682
Uttar Pradesh, Sant Ravidas Nagar,2007,0,3,16,0,0,121.8,177,156.3,179,N.A.,N.A.,N.A.,N.A.
Uttar Pradesh, Sant Ravidas Nagar,2008,N.A.,N.A.,N.A.,N.A.,N.A.,682.6,307.5,409,12,0,N.A.,N.A.,N.A.
Uttar Pradesh, Sant Ravidas Nagar,2009,N.A.,N.A.,N.A.,N.A.,N.A.,66,272.5,124,105,43,0,0,N.A.
Uttar Pradesh, Sant Ravidas Nagar,2010,0,0,0,0,0,0,133.3,146,179.3,48,12.5,0,519.1
Uttar Pradesh, Shahjahanpur,2004,20,0,0,3,11.7,138.3,128.8,79.5,218.7,78.4,0.1,0,678.5
Uttar Pradesh, Shahjahanpur,2005,25.6,3,23,0,4,112.3,232,79.4,198.2,6.9,6.9,3,694.3
Uttar Pradesh, Shahjahanpur,2006,0,0,22.1,16.7,76.5,199,195.1,31.9,40.5,16.8,0,4.9,603.5
Uttar Pradesh, Shahjahanpur,2007,0,91,51.8,0,34.3,163.7,289.5,153.1,24.8,0,N.A.,N.A.,N.A.
Uttar Pradesh, Shahjahanpur,2008,N.A.,N.A.,0,1.2,3.7,214.4,367.3,391.5,184.7,29.7,0,0,N.A.
Uttar Pradesh, Shahjahanpur,2009,0,0.5,0,1.5,11.7,70.6,151.5,273.2,200.5,130.2,12.1,4.7,856.5
Uttar Pradesh, Shahjahanpur,2010,2.3,7.7,3.8,0,9.2,13,355.5,285.8,344.1,0,4.7,1,1027.1
Uttar Pradesh, Shrawasti Nagar,2004,22.2,0,N.A.,0,74.2,208.7,559.4,115.3,173.5,66.6,0,0,N.A.
Uttar Pradesh, Shrawasti Nagar,2005,41.4,11.1,0,N.A.,N.A.,101,438.4,208.6,274.8,0,N.A.,N.A.,N.A.
Uttar Pradesh, Shrawasti Nagar,2006,N.A.,N.A.,N.A.,N.A.,N.A.,250.2,336.6,334.6,89.8,0,N.A.,N.A.,N.A.
Uttar Pradesh, Shrawasti Nagar,2007,N.A.,N.A.,N.A.,N.A.,N.A.,103,428.6,387.4,193.2,0,N.A.,N.A.,N.A.
Uttar Pradesh, Shrawasti Nagar,2008,N.A.,N.A.,N.A.,N.A.,N.A.,123,396.8,205,186.9,116.8,N.A.,0,N.A.
Uttar Pradesh, Shrawasti Nagar,2009,N.A.,N.A.,N.A.,N.A.,N.A.,155.6,209.6,383.7,223.4,109.6,0,0,N.A.
Uttar Pradesh, Shrawasti Nagar,2010,0,1.4,0,0,2,70,407.4,395.3,155.6,0.5,0,0,1032.2
Uttar Pradesh, Siddharth Nagar,2004,2,N.A.,0,14,58,236.7,531,179.2,67.2,45.6,0,N.A.,N.A.
Uttar Pradesh, Siddharth Nagar,2005,N.A.,N.A.,N.A.,N.A.,N.A.,24.4,516.5,348.6,171.4,35.7,0,N.A.,N.A.
Uttar Pradesh, Siddharth Nagar,2006,N.A.,N.A.,N.A.,N.A.,N.A.,320.3,199.9,259.7,114.6,1,N.A.,N.A.,N.A.
Uttar Pradesh, Siddharth Nagar,2007,N.A.,0,25.2,N.A.,41,75.8,529,255,206.3,0,N.A.,N.A.,N.A.
Uttar Pradesh, Siddharth Nagar,2008,N.A.,N.A.,N.A.,N.A.,N.A.,530,563.6,289.3,92,20,0,N.A.,N.A.
Uttar Pradesh, Siddharth Nagar,2009,N.A.,N.A.,N.A.,N.A.,N.A.,37.2,339,371.2,111.6,52.8,0,0,N.A.
Uttar Pradesh, Siddharth Nagar,2010,2,6.5,0,0,0,40.2,216.5,402.7,250.3,10,0,0,928.2
Uttar Pradesh, Sitapur,2004,27.9,3,0,12,78.1,177.3,231,149.1,320.7,111.3,0,0,1110.4
Uttar Pradesh, Sitapur,2005,25.8,36.2,16.5,2.7,20.9,107.4,294.2,104.7,151.4,6.9,0,0,766.7
Uttar Pradesh, Sitapur,2006,0,0,4.5,5.4,129.5,225.7,453.2,108.2,38.3,38.8,0,5.4,1009
Uttar Pradesh, Sitapur,2007,0,72.5,36.8,1,70.7,201,268.4,185.8,142.1,5.1,0,1,984.4
Uttar Pradesh, Sitapur,2008,N.A.,N.A.,0,N.A.,16.3,246.7,554.8,469.2,284,10.6,0,0,N.A.
Uttar Pradesh, Sitapur,2009,0,3,N.A.,1.3,N.A.,82.3,171,269.2,221.2,201.5,5.3,0,N.A.
Uttar Pradesh, Sitapur,2010,0,9.2,0,0,41.4,23.9,346.2,243.4,200.1,2.1,0,0,866.3
Uttar Pradesh, Sonbhadra,2004,0,0,0,11,10.9,173.5,201.5,186.4,79,0.8,0,0,663.1
Uttar Pradesh, Sonbhadra,2005,10.8,28.7,21.9,0,4,14.6,170,208.3,79.8,0.7,0,0,538.8
Uttar Pradesh, Sonbhadra,2006,0,0,40,5.3,4.5,90.9,382.2,303.9,86.1,0,0,0,912.9
Uttar Pradesh, Sonbhadra,2007,0,80,7,0,7,18.5,198.4,160.7,220.1,9.9,N.A.,N.A.,N.A.
Uttar Pradesh, Sonbhadra,2008,N.A.,N.A.,N.A.,0,11.4,167.1,194,125.9,12.6,11,0,0,N.A.
Uttar Pradesh, Sonbhadra,2009,0,0,0,1.2,0,14.4,264.8,61.6,125.9,36.2,28,1.5,533.6
Uttar Pradesh, Sonbhadra,2010,5.6,2.2,0,0,2.9,21.8,180.2,162.4,183.9,11.7,5.1,0,575.8
Uttar Pradesh, Sultanpur,2004,26.6,0,0,19.6,6.7,164.5,212.9,158.7,113.1,16.7,0,0,718.8
Uttar Pradesh, Sultanpur,2005,18,25.1,8.7,0.8,12.6,42.1,400.7,158,144,8.6,0,1,819.6
Uttar Pradesh, Sultanpur,2006,0,0,14.8,16.5,50.5,97.1,312,145,15.1,11.1,0,0,662.1
Uttar Pradesh, Sultanpur,2007,0.5,52.7,27.3,0.2,53.1,201,259.9,97.7,111.5,23.3,0,4.7,831.9
Uttar Pradesh, Sultanpur,2008,2.4,1.6,0,2.6,62.9,167.8,435.5,411.4,80.1,1.2,0.4,0,1165.9
Uttar Pradesh, Sultanpur,2009,0,4,3.3,1.3,25.2,16.5,243.2,149.1,150,103.9,2.6,8.8,707.9
Uttar Pradesh, Sultanpur,2010,9.3,12.6,0,0,41.6,16.3,184.4,264.2,154.5,41.3,5.4,0,729.6
Uttar Pradesh, Unnao,2004,46.6,0,N.A.,9.2,7.9,101.8,226.4,129.3,165.2,41.5,0.6,0,N.A.
Uttar Pradesh, Unnao,2005,18.1,4,5.6,0,10.7,84.9,221.9,176.6,106.7,4.3,0,0.9,633.7
Uttar Pradesh, Unnao,2006,0,0,8.5,10.7,13.4,78.8,361.2,90.2,29.1,35.3,0.7,0.6,628.5
Uttar Pradesh, Unnao,2007,0,61.4,22.2,1.6,12.9,73.3,259.4,197.3,54.3,0.7,N.A.,0,N.A.
Uttar Pradesh, Unnao,2008,N.A.,N.A.,N.A.,N.A.,N.A.,N.A.,435.1,270.1,103.7,0.4,0,N.A.,N.A.
Uttar Pradesh, Unnao,2009,N.A.,N.A.,N.A.,N.A.,N.A.,0,96.2,196.8,267.8,84.9,0,3.3,N.A.
Uttar Pradesh, Unnao,2010,0.6,14.9,0,0,10.9,6.8,313.5,185,180.6,4.5,17.7,0.7,735.2
Uttar Pradesh, Varanasi,2004,24.8,1.7,0,5.3,21.6,155.7,115,196,40.1,2.1,0,0,562.3
Uttar Pradesh, Varanasi,2005,16.2,37.6,34.6,0,8.6,29.4,279.9,334.3,118.1,15,0,3.7,877.4
Uttar Pradesh, Varanasi,2006,0,0,14.9,22.9,20.4,40,379.4,205.9,69.7,15.1,1.7,0,770
Uttar Pradesh, Varanasi,2007,0,55.1,40.3,2,24,139,215.8,89.8,170,29.3,0,0.3,765.6
Uttar Pradesh, Varanasi,2008,10.3,11.2,0.1,0.3,22.1,292,474.2,349.2,48.8,2.1,N.A.,0,N.A.
Uttar Pradesh, Varanasi,2009,0.6,0,0,0.9,14.9,4.9,188.2,88.2,111.4,9.3,12.9,2.3,433.6
Uttar Pradesh, Varanasi,2010,1.8,17.2,0,0,36.4,19.9,199.5,237.4,153.7,31.5,7.8,0,705.2
